id,subscribe
22501,no
22502,yes
22503,no
22504,no
22505,no
22506,no
22507,no
22508,no
22509,no
22510,no
22511,no
22512,no
22513,no
22514,yes
22515,yes
22516,no
22517,no
22518,no
22519,no
22520,yes
22521,yes
22522,no
22523,no
22524,yes
22525,no
22526,no
22527,yes
22528,no
22529,yes
22530,no
22531,yes
22532,no
22533,yes
22534,no
22535,no
22536,no
22537,no
22538,yes
22539,yes
22540,yes
22541,no
22542,no
22543,yes
22544,yes
22545,no
22546,no
22547,no
22548,no
22549,yes
22550,no
22551,no
22552,no
22553,no
22554,no
22555,yes
22556,no
22557,no
22558,no
22559,no
22560,no
22561,no
22562,no
22563,yes
22564,yes
22565,no
22566,yes
22567,no
22568,no
22569,no
22570,no
22571,no
22572,yes
22573,yes
22574,yes
22575,no
22576,no
22577,no
22578,yes
22579,yes
22580,no
22581,no
22582,yes
22583,no
22584,yes
22585,yes
22586,no
22587,yes
22588,no
22589,no
22590,no
22591,no
22592,yes
22593,no
22594,no
22595,no
22596,yes
22597,yes
22598,no
22599,no
22600,no
22601,no
22602,yes
22603,no
22604,no
22605,yes
22606,no
22607,no
22608,no
22609,yes
22610,no
22611,yes
22612,yes
22613,yes
22614,yes
22615,no
22616,yes
22617,no
22618,no
22619,no
22620,no
22621,no
22622,no
22623,no
22624,no
22625,no
22626,no
22627,no
22628,yes
22629,no
22630,yes
22631,no
22632,yes
22633,yes
22634,yes
22635,yes
22636,no
22637,yes
22638,yes
22639,no
22640,no
22641,yes
22642,yes
22643,yes
22644,no
22645,yes
22646,no
22647,no
22648,no
22649,yes
22650,no
22651,no
22652,no
22653,no
22654,no
22655,no
22656,yes
22657,yes
22658,no
22659,no
22660,no
22661,no
22662,yes
22663,no
22664,no
22665,no
22666,no
22667,yes
22668,no
22669,no
22670,yes
22671,no
22672,no
22673,no
22674,yes
22675,no
22676,yes
22677,no
22678,yes
22679,no
22680,no
22681,yes
22682,yes
22683,no
22684,yes
22685,yes
22686,no
22687,no
22688,yes
22689,no
22690,yes
22691,no
22692,no
22693,yes
22694,no
22695,no
22696,no
22697,no
22698,yes
22699,no
22700,no
22701,yes
22702,yes
22703,no
22704,yes
22705,yes
22706,no
22707,no
22708,no
22709,no
22710,no
22711,no
22712,no
22713,no
22714,no
22715,no
22716,no
22717,no
22718,yes
22719,yes
22720,no
22721,no
22722,no
22723,no
22724,no
22725,no
22726,no
22727,yes
22728,no
22729,no
22730,no
22731,yes
22732,yes
22733,no
22734,no
22735,yes
22736,yes
22737,no
22738,no
22739,no
22740,yes
22741,no
22742,no
22743,no
22744,no
22745,yes
22746,yes
22747,no
22748,yes
22749,no
22750,no
22751,no
22752,no
22753,no
22754,no
22755,no
22756,yes
22757,no
22758,yes
22759,no
22760,no
22761,no
22762,no
22763,yes
22764,yes
22765,yes
22766,no
22767,yes
22768,no
22769,no
22770,no
22771,no
22772,no
22773,yes
22774,yes
22775,no
22776,yes
22777,yes
22778,yes
22779,yes
22780,no
22781,yes
22782,no
22783,no
22784,yes
22785,yes
22786,yes
22787,no
22788,no
22789,yes
22790,no
22791,no
22792,no
22793,no
22794,yes
22795,no
22796,yes
22797,no
22798,no
22799,yes
22800,no
22801,yes
22802,no
22803,yes
22804,no
22805,yes
22806,no
22807,no
22808,no
22809,yes
22810,no
22811,yes
22812,yes
22813,no
22814,no
22815,no
22816,no
22817,yes
22818,no
22819,no
22820,yes
22821,no
22822,yes
22823,yes
22824,no
22825,no
22826,no
22827,yes
22828,no
22829,no
22830,no
22831,no
22832,no
22833,no
22834,no
22835,yes
22836,no
22837,no
22838,no
22839,no
22840,yes
22841,no
22842,yes
22843,yes
22844,no
22845,no
22846,yes
22847,no
22848,no
22849,yes
22850,yes
22851,yes
22852,no
22853,yes
22854,yes
22855,no
22856,yes
22857,no
22858,no
22859,no
22860,no
22861,no
22862,no
22863,no
22864,yes
22865,no
22866,no
22867,no
22868,yes
22869,yes
22870,yes
22871,yes
22872,no
22873,yes
22874,yes
22875,no
22876,no
22877,yes
22878,no
22879,yes
22880,no
22881,no
22882,yes
22883,no
22884,no
22885,no
22886,no
22887,yes
22888,yes
22889,yes
22890,yes
22891,no
22892,no
22893,no
22894,no
22895,yes
22896,yes
22897,no
22898,yes
22899,no
22900,yes
22901,no
22902,yes
22903,yes
22904,no
22905,no
22906,no
22907,no
22908,yes
22909,no
22910,no
22911,no
22912,yes
22913,no
22914,no
22915,no
22916,no
22917,yes
22918,no
22919,no
22920,yes
22921,yes
22922,no
22923,no
22924,yes
22925,no
22926,no
22927,yes
22928,no
22929,no
22930,yes
22931,no
22932,no
22933,yes
22934,no
22935,no
22936,no
22937,no
22938,no
22939,yes
22940,yes
22941,no
22942,no
22943,yes
22944,no
22945,no
22946,no
22947,yes
22948,yes
22949,no
22950,no
22951,no
22952,no
22953,yes
22954,yes
22955,no
22956,no
22957,no
22958,no
22959,no
22960,yes
22961,yes
22962,yes
22963,yes
22964,no
22965,no
22966,no
22967,no
22968,yes
22969,no
22970,no
22971,no
22972,no
22973,no
22974,no
22975,no
22976,no
22977,no
22978,no
22979,yes
22980,yes
22981,no
22982,no
22983,no
22984,no
22985,no
22986,no
22987,no
22988,no
22989,no
22990,no
22991,no
22992,no
22993,yes
22994,no
22995,no
22996,no
22997,no
22998,yes
22999,no
23000,no
23001,no
23002,no
23003,no
23004,no
23005,no
23006,no
23007,no
23008,yes
23009,no
23010,yes
23011,yes
23012,yes
23013,yes
23014,no
23015,no
23016,yes
23017,no
23018,no
23019,yes
23020,yes
23021,yes
23022,yes
23023,yes
23024,no
23025,no
23026,no
23027,no
23028,no
23029,no
23030,no
23031,yes
23032,no
23033,no
23034,no
23035,no
23036,no
23037,no
23038,no
23039,no
23040,yes
23041,no
23042,no
23043,no
23044,yes
23045,no
23046,no
23047,yes
23048,no
23049,yes
23050,no
23051,no
23052,no
23053,no
23054,no
23055,no
23056,no
23057,no
23058,no
23059,no
23060,no
23061,no
23062,yes
23063,no
23064,no
23065,yes
23066,no
23067,yes
23068,yes
23069,yes
23070,yes
23071,yes
23072,yes
23073,yes
23074,no
23075,yes
23076,no
23077,no
23078,no
23079,no
23080,no
23081,yes
23082,yes
23083,yes
23084,no
23085,yes
23086,yes
23087,yes
23088,yes
23089,no
23090,yes
23091,no
23092,no
23093,no
23094,no
23095,yes
23096,yes
23097,yes
23098,no
23099,no
23100,no
23101,yes
23102,yes
23103,yes
23104,yes
23105,no
23106,no
23107,no
23108,no
23109,yes
23110,no
23111,no
23112,yes
23113,yes
23114,no
23115,no
23116,no
23117,no
23118,no
23119,no
23120,no
23121,yes
23122,no
23123,no
23124,no
23125,yes
23126,no
23127,no
23128,no
23129,no
23130,yes
23131,no
23132,yes
23133,yes
23134,yes
23135,no
23136,no
23137,no
23138,no
23139,no
23140,no
23141,no
23142,yes
23143,yes
23144,no
23145,no
23146,no
23147,no
23148,no
23149,yes
23150,yes
23151,yes
23152,no
23153,yes
23154,no
23155,yes
23156,no
23157,no
23158,no
23159,no
23160,no
23161,yes
23162,yes
23163,no
23164,yes
23165,yes
23166,no
23167,no
23168,yes
23169,yes
23170,yes
23171,no
23172,yes
23173,no
23174,yes
23175,yes
23176,no
23177,yes
23178,no
23179,yes
23180,yes
23181,no
23182,no
23183,yes
23184,no
23185,yes
23186,no
23187,no
23188,no
23189,yes
23190,no
23191,no
23192,no
23193,no
23194,yes
23195,no
23196,no
23197,yes
23198,yes
23199,no
23200,no
23201,yes
23202,no
23203,no
23204,no
23205,yes
23206,no
23207,no
23208,no
23209,no
23210,no
23211,no
23212,no
23213,yes
23214,yes
23215,yes
23216,no
23217,yes
23218,no
23219,no
23220,no
23221,yes
23222,yes
23223,no
23224,no
23225,no
23226,yes
23227,no
23228,yes
23229,no
23230,no
23231,no
23232,yes
23233,yes
23234,yes
23235,no
23236,yes
23237,no
23238,yes
23239,no
23240,yes
23241,yes
23242,yes
23243,yes
23244,no
23245,no
23246,yes
23247,no
23248,no
23249,no
23250,no
23251,no
23252,no
23253,no
23254,yes
23255,no
23256,no
23257,no
23258,no
23259,no
23260,no
23261,yes
23262,yes
23263,no
23264,no
23265,no
23266,no
23267,no
23268,no
23269,yes
23270,no
23271,yes
23272,yes
23273,no
23274,yes
23275,yes
23276,no
23277,no
23278,no
23279,no
23280,no
23281,no
23282,no
23283,yes
23284,yes
23285,no
23286,no
23287,yes
23288,yes
23289,yes
23290,yes
23291,no
23292,yes
23293,yes
23294,no
23295,yes
23296,yes
23297,no
23298,yes
23299,yes
23300,yes
23301,no
23302,yes
23303,no
23304,no
23305,yes
23306,yes
23307,no
23308,no
23309,no
23310,no
23311,no
23312,no
23313,no
23314,no
23315,yes
23316,no
23317,no
23318,no
23319,yes
23320,no
23321,no
23322,no
23323,yes
23324,no
23325,no
23326,no
23327,no
23328,no
23329,yes
23330,no
23331,yes
23332,no
23333,no
23334,no
23335,no
23336,no
23337,no
23338,yes
23339,yes
23340,no
23341,no
23342,yes
23343,no
23344,no
23345,no
23346,no
23347,no
23348,no
23349,no
23350,yes
23351,no
23352,yes
23353,no
23354,yes
23355,no
23356,yes
23357,yes
23358,no
23359,no
23360,no
23361,yes
23362,no
23363,no
23364,no
23365,no
23366,yes
23367,no
23368,no
23369,no
23370,no
23371,yes
23372,yes
23373,yes
23374,no
23375,yes
23376,no
23377,no
23378,yes
23379,no
23380,yes
23381,no
23382,no
23383,no
23384,yes
23385,yes
23386,yes
23387,yes
23388,no
23389,yes
23390,yes
23391,no
23392,no
23393,yes
23394,no
23395,yes
23396,yes
23397,no
23398,no
23399,no
23400,no
23401,yes
23402,no
23403,yes
23404,no
23405,no
23406,yes
23407,no
23408,no
23409,no
23410,no
23411,no
23412,yes
23413,no
23414,no
23415,yes
23416,no
23417,yes
23418,no
23419,yes
23420,no
23421,no
23422,yes
23423,yes
23424,no
23425,no
23426,no
23427,yes
23428,yes
23429,yes
23430,no
23431,no
23432,yes
23433,no
23434,yes
23435,no
23436,no
23437,no
23438,yes
23439,no
23440,no
23441,no
23442,no
23443,yes
23444,no
23445,no
23446,no
23447,yes
23448,no
23449,yes
23450,no
23451,no
23452,no
23453,no
23454,no
23455,yes
23456,yes
23457,yes
23458,no
23459,yes
23460,no
23461,no
23462,no
23463,yes
23464,no
23465,no
23466,no
23467,no
23468,no
23469,no
23470,no
23471,yes
23472,yes
23473,no
23474,yes
23475,no
23476,yes
23477,no
23478,no
23479,no
23480,no
23481,no
23482,no
23483,yes
23484,no
23485,no
23486,no
23487,yes
23488,no
23489,yes
23490,no
23491,yes
23492,no
23493,no
23494,no
23495,yes
23496,no
23497,no
23498,yes
23499,no
23500,yes
23501,no
23502,no
23503,no
23504,yes
23505,yes
23506,no
23507,yes
23508,yes
23509,yes
23510,no
23511,no
23512,yes
23513,yes
23514,no
23515,no
23516,yes
23517,no
23518,no
23519,yes
23520,no
23521,no
23522,no
23523,no
23524,no
23525,yes
23526,no
23527,no
23528,no
23529,yes
23530,no
23531,yes
23532,no
23533,no
23534,yes
23535,yes
23536,no
23537,no
23538,no
23539,no
23540,no
23541,no
23542,no
23543,no
23544,no
23545,no
23546,yes
23547,yes
23548,yes
23549,yes
23550,no
23551,no
23552,yes
23553,no
23554,no
23555,yes
23556,no
23557,no
23558,no
23559,yes
23560,yes
23561,yes
23562,yes
23563,yes
23564,no
23565,no
23566,no
23567,no
23568,no
23569,yes
23570,no
23571,yes
23572,no
23573,yes
23574,no
23575,yes
23576,no
23577,yes
23578,yes
23579,no
23580,no
23581,yes
23582,no
23583,yes
23584,no
23585,yes
23586,yes
23587,yes
23588,no
23589,no
23590,no
23591,no
23592,no
23593,no
23594,yes
23595,yes
23596,yes
23597,no
23598,yes
23599,yes
23600,yes
23601,no
23602,no
23603,yes
23604,no
23605,yes
23606,no
23607,no
23608,no
23609,yes
23610,yes
23611,no
23612,yes
23613,yes
23614,yes
23615,no
23616,yes
23617,no
23618,yes
23619,no
23620,no
23621,no
23622,yes
23623,no
23624,yes
23625,no
23626,no
23627,no
23628,no
23629,no
23630,no
23631,no
23632,no
23633,no
23634,no
23635,yes
23636,no
23637,no
23638,no
23639,no
23640,yes
23641,yes
23642,yes
23643,no
23644,no
23645,yes
23646,yes
23647,yes
23648,no
23649,no
23650,yes
23651,yes
23652,no
23653,no
23654,no
23655,yes
23656,no
23657,yes
23658,yes
23659,no
23660,yes
23661,no
23662,yes
23663,no
23664,no
23665,no
23666,no
23667,yes
23668,yes
23669,no
23670,no
23671,no
23672,no
23673,no
23674,no
23675,yes
23676,yes
23677,no
23678,no
23679,yes
23680,no
23681,no
23682,no
23683,no
23684,yes
23685,no
23686,no
23687,no
23688,yes
23689,no
23690,no
23691,no
23692,no
23693,no
23694,no
23695,no
23696,no
23697,no
23698,no
23699,yes
23700,no
23701,yes
23702,no
23703,no
23704,no
23705,no
23706,no
23707,yes
23708,no
23709,no
23710,yes
23711,no
23712,no
23713,no
23714,no
23715,no
23716,yes
23717,yes
23718,yes
23719,yes
23720,yes
23721,no
23722,no
23723,yes
23724,yes
23725,no
23726,yes
23727,no
23728,yes
23729,no
23730,no
23731,yes
23732,no
23733,no
23734,no
23735,no
23736,no
23737,no
23738,no
23739,no
23740,no
23741,no
23742,no
23743,no
23744,yes
23745,yes
23746,no
23747,yes
23748,no
23749,yes
23750,no
23751,yes
23752,no
23753,yes
23754,no
23755,yes
23756,no
23757,yes
23758,yes
23759,no
23760,no
23761,no
23762,yes
23763,no
23764,yes
23765,no
23766,no
23767,no
23768,yes
23769,no
23770,yes
23771,yes
23772,no
23773,no
23774,yes
23775,no
23776,yes
23777,no
23778,no
23779,no
23780,no
23781,no
23782,yes
23783,yes
23784,no
23785,yes
23786,yes
23787,yes
23788,no
23789,no
23790,no
23791,no
23792,no
23793,yes
23794,no
23795,no
23796,no
23797,yes
23798,no
23799,no
23800,yes
23801,yes
23802,no
23803,no
23804,yes
23805,yes
23806,yes
23807,yes
23808,no
23809,no
23810,yes
23811,yes
23812,yes
23813,no
23814,yes
23815,no
23816,no
23817,yes
23818,no
23819,no
23820,no
23821,no
23822,no
23823,yes
23824,yes
23825,no
23826,no
23827,yes
23828,no
23829,yes
23830,no
23831,no
23832,no
23833,yes
23834,no
23835,yes
23836,no
23837,no
23838,yes
23839,no
23840,yes
23841,no
23842,yes
23843,yes
23844,no
23845,yes
23846,yes
23847,no
23848,yes
23849,no
23850,no
23851,no
23852,no
23853,yes
23854,no
23855,no
23856,no
23857,no
23858,no
23859,no
23860,no
23861,no
23862,yes
23863,no
23864,yes
23865,no
23866,no
23867,no
23868,no
23869,no
23870,no
23871,no
23872,no
23873,yes
23874,no
23875,no
23876,yes
23877,no
23878,no
23879,no
23880,no
23881,no
23882,no
23883,no
23884,no
23885,no
23886,yes
23887,no
23888,no
23889,yes
23890,no
23891,no
23892,no
23893,no
23894,yes
23895,no
23896,no
23897,no
23898,yes
23899,no
23900,no
23901,no
23902,no
23903,no
23904,yes
23905,yes
23906,no
23907,no
23908,yes
23909,yes
23910,no
23911,no
23912,no
23913,yes
23914,yes
23915,no
23916,no
23917,yes
23918,no
23919,yes
23920,no
23921,no
23922,yes
23923,no
23924,no
23925,no
23926,no
23927,yes
23928,no
23929,no
23930,no
23931,no
23932,no
23933,yes
23934,no
23935,no
23936,no
23937,no
23938,yes
23939,no
23940,no
23941,yes
23942,no
23943,no
23944,yes
23945,yes
23946,no
23947,no
23948,no
23949,no
23950,no
23951,no
23952,no
23953,no
23954,no
23955,no
23956,no
23957,no
23958,yes
23959,no
23960,no
23961,no
23962,no
23963,no
23964,yes
23965,no
23966,no
23967,no
23968,no
23969,no
23970,no
23971,no
23972,no
23973,no
23974,no
23975,yes
23976,no
23977,no
23978,no
23979,yes
23980,no
23981,no
23982,no
23983,no
23984,no
23985,no
23986,no
23987,no
23988,yes
23989,yes
23990,no
23991,no
23992,no
23993,yes
23994,no
23995,no
23996,yes
23997,yes
23998,no
23999,no
24000,yes
24001,no
24002,no
24003,no
24004,no
24005,yes
24006,no
24007,yes
24008,no
24009,no
24010,no
24011,yes
24012,no
24013,yes
24014,yes
24015,no
24016,no
24017,no
24018,no
24019,yes
24020,yes
24021,no
24022,yes
24023,yes
24024,yes
24025,no
24026,no
24027,yes
24028,no
24029,no
24030,yes
24031,no
24032,no
24033,no
24034,no
24035,yes
24036,no
24037,yes
24038,no
24039,no
24040,yes
24041,yes
24042,no
24043,no
24044,no
24045,no
24046,no
24047,yes
24048,yes
24049,yes
24050,no
24051,no
24052,no
24053,no
24054,yes
24055,no
24056,yes
24057,no
24058,no
24059,no
24060,no
24061,no
24062,no
24063,yes
24064,yes
24065,no
24066,no
24067,no
24068,no
24069,no
24070,no
24071,no
24072,yes
24073,yes
24074,no
24075,no
24076,no
24077,yes
24078,no
24079,yes
24080,no
24081,no
24082,yes
24083,no
24084,yes
24085,yes
24086,no
24087,no
24088,yes
24089,yes
24090,yes
24091,no
24092,no
24093,no
24094,no
24095,yes
24096,yes
24097,yes
24098,no
24099,yes
24100,no
24101,no
24102,no
24103,yes
24104,yes
24105,yes
24106,yes
24107,yes
24108,no
24109,yes
24110,yes
24111,yes
24112,no
24113,no
24114,no
24115,yes
24116,yes
24117,no
24118,no
24119,no
24120,yes
24121,no
24122,no
24123,no
24124,no
24125,yes
24126,no
24127,no
24128,no
24129,no
24130,no
24131,no
24132,no
24133,no
24134,yes
24135,yes
24136,no
24137,yes
24138,no
24139,no
24140,no
24141,no
24142,no
24143,no
24144,yes
24145,no
24146,no
24147,no
24148,no
24149,no
24150,no
24151,no
24152,no
24153,yes
24154,yes
24155,no
24156,no
24157,yes
24158,no
24159,no
24160,yes
24161,no
24162,no
24163,yes
24164,yes
24165,no
24166,no
24167,no
24168,yes
24169,no
24170,no
24171,no
24172,yes
24173,no
24174,yes
24175,yes
24176,no
24177,yes
24178,no
24179,no
24180,no
24181,no
24182,yes
24183,no
24184,no
24185,yes
24186,no
24187,no
24188,no
24189,no
24190,no
24191,no
24192,no
24193,no
24194,no
24195,no
24196,no
24197,no
24198,yes
24199,no
24200,no
24201,yes
24202,no
24203,yes
24204,yes
24205,yes
24206,yes
24207,yes
24208,yes
24209,no
24210,no
24211,no
24212,yes
24213,no
24214,yes
24215,no
24216,no
24217,no
24218,yes
24219,no
24220,no
24221,no
24222,no
24223,no
24224,yes
24225,no
24226,no
24227,no
24228,yes
24229,no
24230,no
24231,no
24232,yes
24233,no
24234,no
24235,no
24236,no
24237,no
24238,no
24239,yes
24240,no
24241,no
24242,yes
24243,yes
24244,yes
24245,no
24246,no
24247,yes
24248,yes
24249,no
24250,no
24251,no
24252,yes
24253,no
24254,no
24255,yes
24256,no
24257,no
24258,no
24259,no
24260,yes
24261,no
24262,no
24263,no
24264,yes
24265,no
24266,yes
24267,no
24268,yes
24269,no
24270,yes
24271,no
24272,no
24273,yes
24274,yes
24275,no
24276,yes
24277,yes
24278,yes
24279,yes
24280,no
24281,no
24282,no
24283,yes
24284,yes
24285,no
24286,yes
24287,no
24288,yes
24289,no
24290,yes
24291,yes
24292,no
24293,no
24294,no
24295,no
24296,no
24297,yes
24298,yes
24299,no
24300,no
24301,yes
24302,no
24303,yes
24304,no
24305,no
24306,no
24307,no
24308,no
24309,yes
24310,no
24311,no
24312,no
24313,no
24314,no
24315,no
24316,yes
24317,yes
24318,no
24319,yes
24320,no
24321,no
24322,yes
24323,no
24324,yes
24325,no
24326,no
24327,no
24328,no
24329,no
24330,no
24331,no
24332,no
24333,no
24334,yes
24335,yes
24336,no
24337,no
24338,no
24339,no
24340,no
24341,no
24342,no
24343,yes
24344,yes
24345,no
24346,no
24347,no
24348,no
24349,yes
24350,yes
24351,no
24352,no
24353,no
24354,no
24355,no
24356,no
24357,yes
24358,no
24359,yes
24360,yes
24361,yes
24362,yes
24363,no
24364,no
24365,yes
24366,no
24367,yes
24368,no
24369,yes
24370,yes
24371,no
24372,no
24373,no
24374,yes
24375,no
24376,no
24377,yes
24378,yes
24379,yes
24380,no
24381,no
24382,no
24383,no
24384,yes
24385,no
24386,no
24387,no
24388,no
24389,no
24390,no
24391,no
24392,no
24393,no
24394,no
24395,no
24396,yes
24397,no
24398,no
24399,no
24400,no
24401,no
24402,no
24403,no
24404,yes
24405,yes
24406,no
24407,no
24408,yes
24409,no
24410,no
24411,no
24412,yes
24413,no
24414,yes
24415,no
24416,yes
24417,no
24418,no
24419,yes
24420,no
24421,no
24422,no
24423,no
24424,no
24425,yes
24426,yes
24427,no
24428,no
24429,no
24430,no
24431,yes
24432,no
24433,no
24434,no
24435,no
24436,no
24437,yes
24438,yes
24439,no
24440,no
24441,no
24442,yes
24443,no
24444,no
24445,no
24446,yes
24447,no
24448,yes
24449,no
24450,no
24451,yes
24452,yes
24453,yes
24454,no
24455,yes
24456,yes
24457,yes
24458,no
24459,yes
24460,no
24461,yes
24462,yes
24463,no
24464,no
24465,no
24466,yes
24467,yes
24468,no
24469,no
24470,no
24471,no
24472,no
24473,no
24474,no
24475,yes
24476,no
24477,no
24478,no
24479,no
24480,no
24481,no
24482,no
24483,no
24484,no
24485,no
24486,yes
24487,yes
24488,no
24489,no
24490,no
24491,yes
24492,no
24493,yes
24494,yes
24495,yes
24496,no
24497,yes
24498,yes
24499,no
24500,yes
24501,no
24502,yes
24503,yes
24504,yes
24505,no
24506,yes
24507,no
24508,yes
24509,yes
24510,no
24511,no
24512,yes
24513,no
24514,no
24515,no
24516,no
24517,no
24518,no
24519,yes
24520,no
24521,yes
24522,yes
24523,yes
24524,no
24525,no
24526,no
24527,no
24528,no
24529,no
24530,no
24531,no
24532,yes
24533,yes
24534,no
24535,yes
24536,no
24537,yes
24538,no
24539,no
24540,no
24541,no
24542,no
24543,no
24544,yes
24545,no
24546,no
24547,no
24548,no
24549,no
24550,yes
24551,yes
24552,no
24553,no
24554,no
24555,no
24556,no
24557,no
24558,no
24559,yes
24560,no
24561,no
24562,no
24563,yes
24564,no
24565,yes
24566,yes
24567,no
24568,no
24569,yes
24570,no
24571,yes
24572,no
24573,no
24574,no
24575,yes
24576,yes
24577,no
24578,no
24579,no
24580,no
24581,yes
24582,no
24583,yes
24584,yes
24585,yes
24586,no
24587,no
24588,yes
24589,yes
24590,no
24591,yes
24592,no
24593,no
24594,no
24595,no
24596,yes
24597,no
24598,no
24599,yes
24600,no
24601,yes
24602,no
24603,no
24604,no
24605,yes
24606,no
24607,no
24608,no
24609,no
24610,no
24611,no
24612,no
24613,yes
24614,no
24615,yes
24616,no
24617,no
24618,yes
24619,yes
24620,yes
24621,no
24622,yes
24623,yes
24624,no
24625,yes
24626,no
24627,no
24628,no
24629,yes
24630,no
24631,no
24632,yes
24633,no
24634,yes
24635,no
24636,yes
24637,no
24638,yes
24639,no
24640,yes
24641,no
24642,no
24643,no
24644,yes
24645,no
24646,no
24647,no
24648,no
24649,no
24650,no
24651,no
24652,yes
24653,no
24654,no
24655,no
24656,yes
24657,yes
24658,no
24659,no
24660,no
24661,no
24662,yes
24663,yes
24664,no
24665,no
24666,no
24667,no
24668,no
24669,no
24670,no
24671,yes
24672,yes
24673,no
24674,yes
24675,no
24676,no
24677,no
24678,no
24679,yes
24680,no
24681,no
24682,yes
24683,yes
24684,no
24685,no
24686,yes
24687,no
24688,no
24689,no
24690,yes
24691,no
24692,yes
24693,no
24694,yes
24695,no
24696,no
24697,no
24698,yes
24699,no
24700,yes
24701,no
24702,no
24703,no
24704,yes
24705,no
24706,no
24707,no
24708,yes
24709,yes
24710,no
24711,yes
24712,no
24713,no
24714,yes
24715,no
24716,no
24717,yes
24718,no
24719,no
24720,no
24721,no
24722,no
24723,no
24724,no
24725,no
24726,no
24727,no
24728,no
24729,no
24730,yes
24731,yes
24732,yes
24733,yes
24734,yes
24735,yes
24736,yes
24737,no
24738,no
24739,no
24740,no
24741,yes
24742,no
24743,yes
24744,no
24745,no
24746,yes
24747,no
24748,yes
24749,yes
24750,no
24751,no
24752,no
24753,no
24754,yes
24755,no
24756,no
24757,no
24758,no
24759,no
24760,no
24761,no
24762,no
24763,yes
24764,no
24765,no
24766,yes
24767,no
24768,yes
24769,no
24770,yes
24771,no
24772,yes
24773,yes
24774,no
24775,yes
24776,no
24777,no
24778,no
24779,no
24780,no
24781,no
24782,no
24783,no
24784,no
24785,no
24786,no
24787,no
24788,yes
24789,yes
24790,yes
24791,yes
24792,no
24793,yes
24794,no
24795,no
24796,no
24797,no
24798,yes
24799,yes
24800,yes
24801,yes
24802,no
24803,no
24804,no
24805,no
24806,yes
24807,no
24808,yes
24809,no
24810,no
24811,yes
24812,no
24813,no
24814,no
24815,no
24816,no
24817,yes
24818,no
24819,no
24820,yes
24821,no
24822,no
24823,no
24824,yes
24825,yes
24826,no
24827,no
24828,no
24829,yes
24830,no
24831,no
24832,yes
24833,no
24834,no
24835,no
24836,no
24837,no
24838,no
24839,no
24840,yes
24841,no
24842,yes
24843,no
24844,no
24845,no
24846,no
24847,no
24848,yes
24849,yes
24850,no
24851,yes
24852,yes
24853,no
24854,no
24855,yes
24856,no
24857,no
24858,yes
24859,no
24860,yes
24861,yes
24862,no
24863,yes
24864,yes
24865,yes
24866,no
24867,no
24868,no
24869,yes
24870,yes
24871,yes
24872,yes
24873,yes
24874,no
24875,no
24876,no
24877,no
24878,no
24879,yes
24880,no
24881,no
24882,no
24883,no
24884,no
24885,no
24886,yes
24887,no
24888,yes
24889,no
24890,yes
24891,no
24892,yes
24893,no
24894,no
24895,no
24896,yes
24897,no
24898,yes
24899,yes
24900,yes
24901,yes
24902,no
24903,no
24904,yes
24905,yes
24906,yes
24907,no
24908,no
24909,yes
24910,no
24911,no
24912,no
24913,yes
24914,no
24915,yes
24916,no
24917,no
24918,no
24919,yes
24920,no
24921,no
24922,no
24923,no
24924,no
24925,yes
24926,no
24927,no
24928,no
24929,no
24930,no
24931,no
24932,no
24933,no
24934,no
24935,no
24936,no
24937,yes
24938,no
24939,no
24940,no
24941,no
24942,yes
24943,no
24944,no
24945,no
24946,no
24947,no
24948,yes
24949,yes
24950,no
24951,yes
24952,no
24953,yes
24954,yes
24955,no
24956,yes
24957,no
24958,no
24959,yes
24960,no
24961,no
24962,no
24963,no
24964,no
24965,no
24966,no
24967,yes
24968,no
24969,yes
24970,no
24971,no
24972,no
24973,no
24974,no
24975,no
24976,no
24977,no
24978,no
24979,no
24980,yes
24981,no
24982,no
24983,no
24984,no
24985,no
24986,yes
24987,no
24988,no
24989,no
24990,no
24991,no
24992,no
24993,no
24994,yes
24995,yes
24996,no
24997,no
24998,yes
24999,no
25000,no
25001,no
25002,no
25003,no
25004,no
25005,yes
25006,no
25007,no
25008,no
25009,no
25010,no
25011,no
25012,no
25013,no
25014,no
25015,yes
25016,yes
25017,no
25018,no
25019,no
25020,no
25021,no
25022,no
25023,no
25024,no
25025,no
25026,yes
25027,no
25028,no
25029,yes
25030,no
25031,no
25032,yes
25033,no
25034,no
25035,no
25036,no
25037,no
25038,no
25039,yes
25040,no
25041,yes
25042,no
25043,no
25044,no
25045,no
25046,no
25047,no
25048,yes
25049,no
25050,no
25051,no
25052,no
25053,no
25054,no
25055,no
25056,yes
25057,yes
25058,no
25059,yes
25060,no
25061,no
25062,no
25063,yes
25064,yes
25065,no
25066,no
25067,no
25068,no
25069,no
25070,no
25071,no
25072,no
25073,yes
25074,no
25075,yes
25076,no
25077,no
25078,no
25079,no
25080,no
25081,no
25082,yes
25083,no
25084,yes
25085,yes
25086,yes
25087,no
25088,no
25089,no
25090,yes
25091,no
25092,no
25093,yes
25094,yes
25095,no
25096,no
25097,yes
25098,no
25099,no
25100,no
25101,no
25102,yes
25103,no
25104,no
25105,no
25106,no
25107,no
25108,yes
25109,no
25110,no
25111,no
25112,no
25113,no
25114,yes
25115,yes
25116,no
25117,no
25118,no
25119,no
25120,no
25121,no
25122,no
25123,yes
25124,no
25125,yes
25126,no
25127,no
25128,yes
25129,no
25130,no
25131,no
25132,no
25133,yes
25134,no
25135,yes
25136,no
25137,no
25138,yes
25139,no
25140,yes
25141,yes
25142,no
25143,no
25144,no
25145,no
25146,no
25147,no
25148,no
25149,no
25150,no
25151,yes
25152,no
25153,no
25154,no
25155,no
25156,no
25157,no
25158,no
25159,no
25160,no
25161,no
25162,no
25163,yes
25164,no
25165,no
25166,yes
25167,no
25168,no
25169,no
25170,no
25171,yes
25172,yes
25173,no
25174,no
25175,no
25176,no
25177,no
25178,no
25179,yes
25180,no
25181,yes
25182,no
25183,no
25184,no
25185,no
25186,yes
25187,yes
25188,no
25189,no
25190,no
25191,no
25192,no
25193,no
25194,no
25195,no
25196,yes
25197,no
25198,no
25199,no
25200,yes
25201,no
25202,no
25203,yes
25204,yes
25205,yes
25206,no
25207,yes
25208,yes
25209,no
25210,no
25211,yes
25212,no
25213,no
25214,no
25215,yes
25216,no
25217,no
25218,yes
25219,no
25220,no
25221,yes
25222,no
25223,no
25224,no
25225,no
25226,no
25227,yes
25228,no
25229,yes
25230,yes
25231,no
25232,no
25233,yes
25234,no
25235,no
25236,no
25237,no
25238,no
25239,no
25240,yes
25241,no
25242,yes
25243,no
25244,yes
25245,yes
25246,no
25247,no
25248,no
25249,no
25250,no
25251,no
25252,yes
25253,no
25254,no
25255,yes
25256,no
25257,no
25258,yes
25259,no
25260,no
25261,yes
25262,no
25263,yes
25264,yes
25265,no
25266,no
25267,no
25268,no
25269,no
25270,no
25271,no
25272,yes
25273,yes
25274,no
25275,no
25276,no
25277,yes
25278,no
25279,no
25280,no
25281,no
25282,yes
25283,no
25284,no
25285,yes
25286,no
25287,yes
25288,no
25289,no
25290,yes
25291,no
25292,yes
25293,no
25294,no
25295,no
25296,yes
25297,yes
25298,yes
25299,yes
25300,no
25301,no
25302,yes
25303,yes
25304,no
25305,no
25306,yes
25307,yes
25308,no
25309,yes
25310,no
25311,no
25312,yes
25313,no
25314,yes
25315,no
25316,no
25317,no
25318,no
25319,no
25320,no
25321,no
25322,yes
25323,no
25324,yes
25325,no
25326,no
25327,no
25328,yes
25329,no
25330,no
25331,yes
25332,no
25333,yes
25334,no
25335,yes
25336,yes
25337,no
25338,no
25339,no
25340,yes
25341,no
25342,no
25343,yes
25344,yes
25345,no
25346,yes
25347,no
25348,no
25349,yes
25350,yes
25351,no
25352,yes
25353,no
25354,no
25355,yes
25356,yes
25357,yes
25358,yes
25359,no
25360,no
25361,no
25362,no
25363,yes
25364,yes
25365,no
25366,yes
25367,yes
25368,no
25369,no
25370,no
25371,no
25372,no
25373,yes
25374,no
25375,no
25376,yes
25377,no
25378,no
25379,yes
25380,no
25381,yes
25382,no
25383,no
25384,no
25385,yes
25386,no
25387,no
25388,no
25389,no
25390,no
25391,yes
25392,no
25393,no
25394,yes
25395,no
25396,no
25397,yes
25398,no
25399,yes
25400,no
25401,no
25402,no
25403,yes
25404,no
25405,no
25406,no
25407,yes
25408,no
25409,no
25410,no
25411,yes
25412,no
25413,no
25414,yes
25415,no
25416,no
25417,yes
25418,yes
25419,no
25420,yes
25421,no
25422,no
25423,no
25424,yes
25425,yes
25426,yes
25427,no
25428,yes
25429,no
25430,yes
25431,no
25432,no
25433,no
25434,no
25435,no
25436,no
25437,no
25438,no
25439,yes
25440,yes
25441,yes
25442,no
25443,no
25444,no
25445,no
25446,no
25447,no
25448,no
25449,no
25450,no
25451,no
25452,no
25453,no
25454,yes
25455,no
25456,yes
25457,no
25458,no
25459,yes
25460,yes
25461,no
25462,yes
25463,no
25464,yes
25465,no
25466,no
25467,no
25468,no
25469,no
25470,no
25471,no
25472,yes
25473,yes
25474,yes
25475,yes
25476,no
25477,yes
25478,no
25479,no
25480,no
25481,no
25482,no
25483,no
25484,no
25485,yes
25486,no
25487,no
25488,no
25489,yes
25490,yes
25491,no
25492,no
25493,no
25494,no
25495,yes
25496,no
25497,no
25498,no
25499,yes
25500,no
25501,no
25502,yes
25503,yes
25504,no
25505,no
25506,yes
25507,no
25508,no
25509,no
25510,no
25511,no
25512,no
25513,no
25514,no
25515,no
25516,yes
25517,no
25518,yes
25519,yes
25520,yes
25521,no
25522,no
25523,no
25524,no
25525,yes
25526,no
25527,no
25528,no
25529,no
25530,yes
25531,no
25532,no
25533,no
25534,no
25535,no
25536,no
25537,yes
25538,yes
25539,no
25540,no
25541,yes
25542,yes
25543,no
25544,no
25545,yes
25546,yes
25547,no
25548,yes
25549,yes
25550,no
25551,no
25552,no
25553,no
25554,no
25555,yes
25556,no
25557,yes
25558,no
25559,no
25560,yes
25561,no
25562,no
25563,no
25564,no
25565,yes
25566,no
25567,yes
25568,no
25569,no
25570,no
25571,no
25572,yes
25573,no
25574,no
25575,no
25576,no
25577,yes
25578,no
25579,no
25580,yes
25581,yes
25582,no
25583,no
25584,no
25585,no
25586,yes
25587,yes
25588,no
25589,yes
25590,no
25591,yes
25592,no
25593,no
25594,no
25595,no
25596,yes
25597,no
25598,no
25599,yes
25600,no
25601,yes
25602,no
25603,no
25604,no
25605,yes
25606,no
25607,no
25608,no
25609,yes
25610,no
25611,yes
25612,yes
25613,no
25614,no
25615,yes
25616,no
25617,no
25618,no
25619,yes
25620,no
25621,yes
25622,no
25623,yes
25624,yes
25625,yes
25626,no
25627,no
25628,yes
25629,no
25630,no
25631,no
25632,no
25633,no
25634,yes
25635,no
25636,yes
25637,yes
25638,no
25639,yes
25640,yes
25641,no
25642,yes
25643,yes
25644,no
25645,no
25646,no
25647,no
25648,no
25649,no
25650,yes
25651,yes
25652,no
25653,no
25654,no
25655,no
25656,yes
25657,yes
25658,yes
25659,no
25660,no
25661,no
25662,no
25663,no
25664,no
25665,no
25666,no
25667,no
25668,yes
25669,no
25670,no
25671,yes
25672,no
25673,no
25674,no
25675,yes
25676,no
25677,no
25678,no
25679,no
25680,yes
25681,no
25682,yes
25683,no
25684,no
25685,no
25686,no
25687,no
25688,yes
25689,yes
25690,yes
25691,no
25692,no
25693,no
25694,no
25695,no
25696,no
25697,no
25698,no
25699,no
25700,no
25701,no
25702,yes
25703,no
25704,no
25705,no
25706,no
25707,no
25708,no
25709,yes
25710,yes
25711,yes
25712,no
25713,no
25714,no
25715,no
25716,no
25717,no
25718,yes
25719,no
25720,yes
25721,yes
25722,yes
25723,no
25724,yes
25725,no
25726,no
25727,no
25728,yes
25729,no
25730,no
25731,yes
25732,no
25733,yes
25734,yes
25735,yes
25736,no
25737,no
25738,yes
25739,no
25740,no
25741,no
25742,no
25743,no
25744,no
25745,no
25746,no
25747,no
25748,yes
25749,no
25750,no
25751,yes
25752,no
25753,no
25754,yes
25755,no
25756,yes
25757,no
25758,no
25759,yes
25760,no
25761,no
25762,no
25763,yes
25764,no
25765,no
25766,no
25767,no
25768,no
25769,no
25770,no
25771,yes
25772,yes
25773,no
25774,no
25775,no
25776,no
25777,yes
25778,no
25779,yes
25780,no
25781,no
25782,no
25783,no
25784,yes
25785,no
25786,no
25787,no
25788,no
25789,no
25790,no
25791,yes
25792,no
25793,no
25794,no
25795,yes
25796,no
25797,yes
25798,no
25799,no
25800,no
25801,no
25802,no
25803,no
25804,no
25805,no
25806,no
25807,yes
25808,no
25809,yes
25810,no
25811,yes
25812,no
25813,no
25814,yes
25815,no
25816,no
25817,yes
25818,no
25819,no
25820,yes
25821,yes
25822,no
25823,yes
25824,no
25825,no
25826,no
25827,no
25828,yes
25829,no
25830,no
25831,no
25832,no
25833,no
25834,yes
25835,yes
25836,no
25837,yes
25838,yes
25839,yes
25840,no
25841,no
25842,no
25843,no
25844,no
25845,yes
25846,no
25847,yes
25848,no
25849,yes
25850,no
25851,no
25852,no
25853,no
25854,yes
25855,no
25856,yes
25857,no
25858,yes
25859,no
25860,no
25861,yes
25862,no
25863,no
25864,no
25865,yes
25866,yes
25867,no
25868,no
25869,yes
25870,yes
25871,no
25872,no
25873,no
25874,no
25875,no
25876,yes
25877,yes
25878,yes
25879,no
25880,no
25881,yes
25882,yes
25883,no
25884,no
25885,no
25886,no
25887,no
25888,no
25889,yes
25890,yes
25891,yes
25892,no
25893,yes
25894,no
25895,no
25896,yes
25897,no
25898,no
25899,no
25900,no
25901,yes
25902,yes
25903,no
25904,no
25905,no
25906,no
25907,no
25908,no
25909,no
25910,no
25911,yes
25912,no
25913,yes
25914,no
25915,yes
25916,no
25917,no
25918,no
25919,no
25920,no
25921,yes
25922,no
25923,yes
25924,yes
25925,no
25926,yes
25927,yes
25928,yes
25929,no
25930,no
25931,yes
25932,no
25933,no
25934,no
25935,yes
25936,no
25937,no
25938,no
25939,no
25940,no
25941,yes
25942,no
25943,no
25944,no
25945,no
25946,no
25947,no
25948,no
25949,yes
25950,no
25951,no
25952,no
25953,no
25954,no
25955,yes
25956,no
25957,no
25958,no
25959,yes
25960,no
25961,yes
25962,yes
25963,no
25964,no
25965,no
25966,no
25967,no
25968,no
25969,no
25970,no
25971,no
25972,yes
25973,no
25974,yes
25975,no
25976,yes
25977,no
25978,no
25979,yes
25980,no
25981,yes
25982,yes
25983,no
25984,no
25985,no
25986,no
25987,no
25988,yes
25989,no
25990,yes
25991,no
25992,no
25993,no
25994,no
25995,no
25996,yes
25997,no
25998,yes
25999,no
26000,yes
26001,yes
26002,no
26003,no
26004,no
26005,no
26006,yes
26007,no
26008,no
26009,yes
26010,yes
26011,no
26012,no
26013,yes
26014,no
26015,yes
26016,no
26017,no
26018,yes
26019,yes
26020,yes
26021,yes
26022,no
26023,yes
26024,no
26025,yes
26026,no
26027,no
26028,yes
26029,no
26030,no
26031,no
26032,no
26033,no
26034,yes
26035,no
26036,no
26037,no
26038,no
26039,no
26040,no
26041,yes
26042,no
26043,yes
26044,yes
26045,no
26046,yes
26047,no
26048,yes
26049,no
26050,no
26051,no
26052,yes
26053,yes
26054,no
26055,no
26056,yes
26057,no
26058,no
26059,no
26060,no
26061,no
26062,no
26063,no
26064,no
26065,yes
26066,no
26067,no
26068,no
26069,no
26070,no
26071,no
26072,no
26073,no
26074,no
26075,yes
26076,yes
26077,yes
26078,no
26079,no
26080,no
26081,no
26082,no
26083,yes
26084,yes
26085,no
26086,no
26087,no
26088,no
26089,no
26090,no
26091,no
26092,no
26093,no
26094,no
26095,no
26096,no
26097,no
26098,no
26099,yes
26100,yes
26101,no
26102,yes
26103,no
26104,no
26105,no
26106,no
26107,no
26108,no
26109,yes
26110,no
26111,no
26112,no
26113,no
26114,yes
26115,no
26116,no
26117,yes
26118,no
26119,no
26120,no
26121,yes
26122,no
26123,no
26124,no
26125,yes
26126,no
26127,no
26128,no
26129,yes
26130,no
26131,yes
26132,yes
26133,no
26134,yes
26135,no
26136,yes
26137,no
26138,yes
26139,yes
26140,yes
26141,no
26142,yes
26143,no
26144,yes
26145,no
26146,yes
26147,no
26148,yes
26149,yes
26150,no
26151,no
26152,yes
26153,no
26154,yes
26155,no
26156,yes
26157,yes
26158,no
26159,yes
26160,yes
26161,no
26162,yes
26163,yes
26164,no
26165,yes
26166,no
26167,no
26168,yes
26169,no
26170,yes
26171,no
26172,yes
26173,no
26174,no
26175,no
26176,no
26177,no
26178,no
26179,yes
26180,yes
26181,no
26182,no
26183,no
26184,yes
26185,yes
26186,no
26187,no
26188,no
26189,yes
26190,yes
26191,no
26192,no
26193,yes
26194,yes
26195,yes
26196,yes
26197,no
26198,no
26199,no
26200,yes
26201,no
26202,yes
26203,no
26204,no
26205,no
26206,yes
26207,no
26208,no
26209,no
26210,no
26211,yes
26212,no
26213,no
26214,no
26215,no
26216,no
26217,no
26218,yes
26219,yes
26220,no
26221,no
26222,no
26223,no
26224,no
26225,yes
26226,no
26227,no
26228,no
26229,no
26230,yes
26231,no
26232,yes
26233,no
26234,no
26235,no
26236,no
26237,no
26238,yes
26239,no
26240,no
26241,yes
26242,yes
26243,no
26244,no
26245,yes
26246,no
26247,no
26248,yes
26249,yes
26250,no
26251,no
26252,no
26253,no
26254,yes
26255,no
26256,yes
26257,no
26258,no
26259,no
26260,no
26261,yes
26262,no
26263,no
26264,no
26265,no
26266,yes
26267,no
26268,no
26269,yes
26270,yes
26271,yes
26272,no
26273,yes
26274,yes
26275,yes
26276,no
26277,yes
26278,yes
26279,no
26280,no
26281,no
26282,yes
26283,yes
26284,no
26285,no
26286,no
26287,no
26288,no
26289,no
26290,no
26291,no
26292,no
26293,no
26294,yes
26295,no
26296,no
26297,yes
26298,yes
26299,no
26300,yes
26301,yes
26302,yes
26303,yes
26304,no
26305,no
26306,no
26307,no
26308,yes
26309,yes
26310,yes
26311,no
26312,yes
26313,no
26314,no
26315,no
26316,yes
26317,yes
26318,yes
26319,no
26320,yes
26321,yes
26322,yes
26323,no
26324,no
26325,no
26326,no
26327,no
26328,no
26329,no
26330,no
26331,no
26332,no
26333,no
26334,yes
26335,yes
26336,no
26337,no
26338,yes
26339,no
26340,no
26341,no
26342,yes
26343,yes
26344,yes
26345,yes
26346,no
26347,no
26348,no
26349,no
26350,yes
26351,no
26352,yes
26353,no
26354,yes
26355,no
26356,no
26357,no
26358,yes
26359,no
26360,no
26361,yes
26362,no
26363,no
26364,yes
26365,yes
26366,no
26367,no
26368,yes
26369,yes
26370,no
26371,yes
26372,yes
26373,yes
26374,no
26375,no
26376,yes
26377,no
26378,no
26379,no
26380,no
26381,no
26382,no
26383,no
26384,no
26385,no
26386,no
26387,yes
26388,yes
26389,no
26390,no
26391,no
26392,yes
26393,no
26394,yes
26395,no
26396,no
26397,no
26398,no
26399,yes
26400,yes
26401,yes
26402,no
26403,no
26404,no
26405,yes
26406,yes
26407,no
26408,yes
26409,no
26410,yes
26411,yes
26412,no
26413,yes
26414,no
26415,no
26416,yes
26417,yes
26418,no
26419,no
26420,yes
26421,no
26422,yes
26423,no
26424,no
26425,yes
26426,no
26427,yes
26428,no
26429,no
26430,no
26431,yes
26432,no
26433,no
26434,yes
26435,yes
26436,no
26437,yes
26438,no
26439,no
26440,no
26441,no
26442,no
26443,no
26444,yes
26445,no
26446,no
26447,no
26448,no
26449,no
26450,no
26451,no
26452,yes
26453,no
26454,no
26455,no
26456,no
26457,yes
26458,no
26459,no
26460,yes
26461,no
26462,no
26463,no
26464,yes
26465,no
26466,no
26467,no
26468,no
26469,no
26470,yes
26471,yes
26472,yes
26473,yes
26474,yes
26475,yes
26476,yes
26477,no
26478,yes
26479,no
26480,no
26481,yes
26482,yes
26483,no
26484,yes
26485,yes
26486,yes
26487,no
26488,no
26489,no
26490,no
26491,no
26492,yes
26493,yes
26494,no
26495,no
26496,no
26497,yes
26498,no
26499,no
26500,no
26501,no
26502,no
26503,no
26504,yes
26505,no
26506,no
26507,yes
26508,no
26509,yes
26510,no
26511,no
26512,no
26513,no
26514,yes
26515,no
26516,no
26517,yes
26518,no
26519,yes
26520,yes
26521,yes
26522,no
26523,no
26524,no
26525,no
26526,yes
26527,no
26528,yes
26529,yes
26530,no
26531,yes
26532,yes
26533,no
26534,yes
26535,no
26536,no
26537,no
26538,yes
26539,no
26540,yes
26541,no
26542,no
26543,no
26544,yes
26545,no
26546,no
26547,yes
26548,no
26549,no
26550,no
26551,yes
26552,no
26553,yes
26554,no
26555,no
26556,no
26557,no
26558,yes
26559,no
26560,no
26561,yes
26562,no
26563,no
26564,no
26565,no
26566,no
26567,yes
26568,yes
26569,no
26570,no
26571,no
26572,no
26573,no
26574,yes
26575,no
26576,no
26577,no
26578,yes
26579,no
26580,yes
26581,no
26582,no
26583,no
26584,no
26585,no
26586,yes
26587,no
26588,yes
26589,no
26590,no
26591,no
26592,yes
26593,yes
26594,no
26595,no
26596,yes
26597,yes
26598,no
26599,yes
26600,no
26601,yes
26602,yes
26603,no
26604,no
26605,no
26606,yes
26607,no
26608,yes
26609,no
26610,no
26611,no
26612,no
26613,no
26614,yes
26615,yes
26616,yes
26617,no
26618,yes
26619,no
26620,no
26621,no
26622,no
26623,no
26624,yes
26625,no
26626,yes
26627,yes
26628,no
26629,yes
26630,no
26631,yes
26632,no
26633,no
26634,no
26635,no
26636,no
26637,yes
26638,no
26639,yes
26640,no
26641,no
26642,no
26643,yes
26644,no
26645,yes
26646,no
26647,no
26648,yes
26649,yes
26650,yes
26651,no
26652,yes
26653,no
26654,yes
26655,yes
26656,no
26657,no
26658,yes
26659,yes
26660,no
26661,no
26662,no
26663,no
26664,no
26665,no
26666,no
26667,yes
26668,yes
26669,no
26670,no
26671,no
26672,yes
26673,no
26674,no
26675,no
26676,no
26677,no
26678,no
26679,no
26680,no
26681,yes
26682,no
26683,no
26684,no
26685,no
26686,no
26687,no
26688,no
26689,no
26690,no
26691,yes
26692,no
26693,yes
26694,no
26695,no
26696,no
26697,no
26698,no
26699,no
26700,no
26701,yes
26702,no
26703,yes
26704,yes
26705,yes
26706,no
26707,yes
26708,no
26709,no
26710,yes
26711,no
26712,yes
26713,no
26714,no
26715,no
26716,no
26717,no
26718,no
26719,yes
26720,no
26721,no
26722,no
26723,no
26724,no
26725,no
26726,no
26727,no
26728,no
26729,no
26730,no
26731,no
26732,no
26733,yes
26734,no
26735,no
26736,no
26737,yes
26738,no
26739,yes
26740,yes
26741,no
26742,no
26743,no
26744,yes
26745,yes
26746,no
26747,no
26748,yes
26749,no
26750,yes
26751,no
26752,no
26753,no
26754,no
26755,yes
26756,yes
26757,no
26758,yes
26759,no
26760,no
26761,no
26762,no
26763,no
26764,no
26765,yes
26766,no
26767,no
26768,no
26769,no
26770,no
26771,no
26772,no
26773,yes
26774,no
26775,no
26776,yes
26777,no
26778,yes
26779,yes
26780,no
26781,no
26782,no
26783,no
26784,no
26785,no
26786,yes
26787,no
26788,yes
26789,yes
26790,yes
26791,no
26792,yes
26793,no
26794,yes
26795,yes
26796,no
26797,no
26798,yes
26799,no
26800,no
26801,yes
26802,no
26803,yes
26804,no
26805,no
26806,no
26807,no
26808,no
26809,no
26810,no
26811,no
26812,no
26813,no
26814,no
26815,no
26816,no
26817,yes
26818,yes
26819,no
26820,yes
26821,yes
26822,no
26823,yes
26824,no
26825,no
26826,no
26827,yes
26828,no
26829,no
26830,no
26831,yes
26832,no
26833,no
26834,no
26835,no
26836,yes
26837,yes
26838,no
26839,no
26840,no
26841,no
26842,yes
26843,no
26844,yes
26845,no
26846,yes
26847,no
26848,no
26849,yes
26850,no
26851,no
26852,no
26853,no
26854,no
26855,no
26856,no
26857,no
26858,no
26859,no
26860,yes
26861,no
26862,no
26863,yes
26864,no
26865,no
26866,no
26867,no
26868,yes
26869,no
26870,no
26871,no
26872,no
26873,yes
26874,no
26875,yes
26876,yes
26877,no
26878,no
26879,no
26880,yes
26881,no
26882,yes
26883,no
26884,no
26885,yes
26886,no
26887,no
26888,yes
26889,yes
26890,no
26891,no
26892,no
26893,no
26894,no
26895,no
26896,yes
26897,no
26898,no
26899,no
26900,no
26901,no
26902,yes
26903,no
26904,no
26905,no
26906,no
26907,no
26908,no
26909,yes
26910,yes
26911,no
26912,yes
26913,no
26914,no
26915,yes
26916,no
26917,no
26918,yes
26919,no
26920,no
26921,no
26922,yes
26923,yes
26924,yes
26925,no
26926,no
26927,no
26928,yes
26929,yes
26930,no
26931,yes
26932,no
26933,yes
26934,yes
26935,yes
26936,no
26937,yes
26938,no
26939,no
26940,no
26941,yes
26942,yes
26943,no
26944,no
26945,no
26946,no
26947,no
26948,no
26949,no
26950,no
26951,no
26952,no
26953,no
26954,yes
26955,no
26956,no
26957,yes
26958,no
26959,yes
26960,no
26961,no
26962,no
26963,yes
26964,yes
26965,no
26966,yes
26967,yes
26968,no
26969,no
26970,no
26971,no
26972,yes
26973,no
26974,no
26975,no
26976,no
26977,no
26978,no
26979,no
26980,no
26981,no
26982,no
26983,no
26984,no
26985,no
26986,yes
26987,no
26988,no
26989,yes
26990,no
26991,no
26992,no
26993,no
26994,yes
26995,yes
26996,no
26997,no
26998,no
26999,yes
27000,no
27001,no
27002,yes
27003,no
27004,yes
27005,no
27006,yes
27007,no
27008,yes
27009,yes
27010,no
27011,no
27012,yes
27013,no
27014,yes
27015,no
27016,no
27017,no
27018,yes
27019,no
27020,no
27021,no
27022,no
27023,no
27024,no
27025,yes
27026,yes
27027,no
27028,no
27029,no
27030,no
27031,no
27032,yes
27033,no
27034,no
27035,no
27036,yes
27037,no
27038,no
27039,no
27040,no
27041,no
27042,yes
27043,no
27044,no
27045,no
27046,yes
27047,no
27048,no
27049,no
27050,no
27051,no
27052,no
27053,yes
27054,yes
27055,yes
27056,yes
27057,no
27058,no
27059,yes
27060,no
27061,no
27062,no
27063,no
27064,no
27065,no
27066,no
27067,yes
27068,no
27069,no
27070,no
27071,yes
27072,yes
27073,no
27074,yes
27075,no
27076,no
27077,no
27078,yes
27079,no
27080,yes
27081,no
27082,no
27083,no
27084,no
27085,no
27086,no
27087,no
27088,yes
27089,no
27090,no
27091,yes
27092,yes
27093,no
27094,yes
27095,no
27096,no
27097,yes
27098,no
27099,no
27100,no
27101,no
27102,no
27103,no
27104,no
27105,no
27106,yes
27107,no
27108,no
27109,no
27110,no
27111,no
27112,no
27113,no
27114,yes
27115,no
27116,no
27117,no
27118,yes
27119,no
27120,yes
27121,yes
27122,no
27123,yes
27124,yes
27125,no
27126,no
27127,yes
27128,no
27129,no
27130,yes
27131,no
27132,yes
27133,yes
27134,yes
27135,no
27136,yes
27137,no
27138,no
27139,yes
27140,no
27141,no
27142,no
27143,yes
27144,no
27145,no
27146,yes
27147,no
27148,yes
27149,yes
27150,no
27151,yes
27152,no
27153,yes
27154,yes
27155,yes
27156,yes
27157,no
27158,no
27159,yes
27160,no
27161,no
27162,no
27163,no
27164,no
27165,yes
27166,no
27167,no
27168,no
27169,yes
27170,yes
27171,no
27172,no
27173,no
27174,no
27175,no
27176,yes
27177,no
27178,no
27179,no
27180,no
27181,no
27182,no
27183,yes
27184,no
27185,no
27186,no
27187,no
27188,no
27189,no
27190,no
27191,no
27192,no
27193,no
27194,yes
27195,no
27196,no
27197,no
27198,no
27199,yes
27200,no
27201,no
27202,no
27203,yes
27204,no
27205,no
27206,yes
27207,no
27208,no
27209,no
27210,yes
27211,no
27212,yes
27213,no
27214,no
27215,yes
27216,yes
27217,no
27218,yes
27219,yes
27220,no
27221,no
27222,yes
27223,no
27224,yes
27225,yes
27226,no
27227,yes
27228,no
27229,yes
27230,no
27231,no
27232,no
27233,yes
27234,no
27235,yes
27236,yes
27237,no
27238,yes
27239,no
27240,no
27241,yes
27242,no
27243,no
27244,no
27245,no
27246,yes
27247,no
27248,yes
27249,yes
27250,no
27251,no
27252,yes
27253,no
27254,yes
27255,no
27256,no
27257,no
27258,no
27259,yes
27260,no
27261,yes
27262,yes
27263,no
27264,no
27265,no
27266,no
27267,yes
27268,no
27269,yes
27270,no
27271,yes
27272,no
27273,no
27274,no
27275,no
27276,no
27277,no
27278,no
27279,no
27280,no
27281,yes
27282,no
27283,no
27284,no
27285,no
27286,yes
27287,yes
27288,no
27289,no
27290,yes
27291,yes
27292,yes
27293,no
27294,no
27295,yes
27296,no
27297,no
27298,no
27299,yes
27300,no
27301,no
27302,no
27303,yes
27304,no
27305,yes
27306,no
27307,yes
27308,yes
27309,yes
27310,yes
27311,yes
27312,yes
27313,yes
27314,no
27315,yes
27316,no
27317,yes
27318,no
27319,no
27320,no
27321,yes
27322,no
27323,no
27324,no
27325,no
27326,no
27327,no
27328,no
27329,no
27330,no
27331,no
27332,no
27333,no
27334,yes
27335,no
27336,no
27337,no
27338,yes
27339,no
27340,yes
27341,no
27342,no
27343,yes
27344,no
27345,yes
27346,no
27347,no
27348,no
27349,yes
27350,yes
27351,no
27352,yes
27353,no
27354,no
27355,no
27356,yes
27357,no
27358,no
27359,no
27360,no
27361,no
27362,no
27363,no
27364,no
27365,no
27366,yes
27367,yes
27368,no
27369,no
27370,no
27371,yes
27372,yes
27373,yes
27374,no
27375,no
27376,yes
27377,no
27378,yes
27379,yes
27380,yes
27381,no
27382,yes
27383,no
27384,no
27385,yes
27386,yes
27387,no
27388,yes
27389,yes
27390,no
27391,no
27392,no
27393,yes
27394,yes
27395,no
27396,no
27397,no
27398,no
27399,no
27400,no
27401,no
27402,no
27403,no
27404,no
27405,no
27406,no
27407,no
27408,no
27409,no
27410,no
27411,yes
27412,no
27413,yes
27414,no
27415,no
27416,no
27417,no
27418,yes
27419,no
27420,yes
27421,no
27422,no
27423,no
27424,no
27425,yes
27426,yes
27427,no
27428,yes
27429,yes
27430,no
27431,yes
27432,no
27433,no
27434,yes
27435,no
27436,yes
27437,no
27438,yes
27439,no
27440,no
27441,no
27442,yes
27443,no
27444,no
27445,yes
27446,no
27447,no
27448,no
27449,no
27450,no
27451,no
27452,no
27453,no
27454,yes
27455,no
27456,no
27457,no
27458,no
27459,no
27460,no
27461,yes
27462,yes
27463,yes
27464,no
27465,no
27466,yes
27467,yes
27468,no
27469,no
27470,yes
27471,no
27472,no
27473,no
27474,no
27475,yes
27476,yes
27477,no
27478,yes
27479,no
27480,yes
27481,no
27482,yes
27483,yes
27484,yes
27485,no
27486,yes
27487,no
27488,no
27489,no
27490,no
27491,yes
27492,no
27493,yes
27494,no
27495,no
27496,no
27497,yes
27498,yes
27499,no
27500,no
27501,yes
27502,yes
27503,no
27504,no
27505,no
27506,yes
27507,no
27508,no
27509,no
27510,yes
27511,yes
27512,yes
27513,no
27514,no
27515,no
27516,yes
27517,no
27518,no
27519,no
27520,no
27521,yes
27522,no
27523,no
27524,no
27525,no
27526,no
27527,no
27528,no
27529,yes
27530,no
27531,no
27532,yes
27533,no
27534,no
27535,no
27536,no
27537,no
27538,no
27539,no
27540,no
27541,no
27542,yes
27543,no
27544,yes
27545,no
27546,no
27547,no
27548,no
27549,no
27550,no
27551,no
27552,yes
27553,no
27554,yes
27555,no
27556,yes
27557,yes
27558,no
27559,yes
27560,no
27561,yes
27562,yes
27563,yes
27564,no
27565,no
27566,no
27567,yes
27568,yes
27569,no
27570,no
27571,no
27572,no
27573,no
27574,no
27575,yes
27576,no
27577,no
27578,no
27579,yes
27580,yes
27581,no
27582,no
27583,no
27584,yes
27585,no
27586,no
27587,no
27588,no
27589,no
27590,no
27591,no
27592,no
27593,no
27594,no
27595,no
27596,no
27597,yes
27598,no
27599,yes
27600,no
27601,yes
27602,no
27603,no
27604,no
27605,no
27606,yes
27607,no
27608,no
27609,no
27610,no
27611,yes
27612,no
27613,yes
27614,no
27615,no
27616,yes
27617,no
27618,no
27619,no
27620,yes
27621,yes
27622,no
27623,yes
27624,no
27625,no
27626,no
27627,yes
27628,no
27629,no
27630,yes
27631,yes
27632,yes
27633,no
27634,yes
27635,yes
27636,no
27637,no
27638,yes
27639,no
27640,no
27641,no
27642,no
27643,yes
27644,yes
27645,no
27646,no
27647,no
27648,no
27649,yes
27650,no
27651,no
27652,no
27653,yes
27654,yes
27655,no
27656,no
27657,no
27658,no
27659,yes
27660,no
27661,yes
27662,no
27663,no
27664,no
27665,no
27666,yes
27667,no
27668,no
27669,no
27670,no
27671,no
27672,no
27673,no
27674,no
27675,no
27676,no
27677,no
27678,no
27679,no
27680,no
27681,no
27682,no
27683,no
27684,no
27685,no
27686,no
27687,no
27688,no
27689,no
27690,no
27691,yes
27692,no
27693,no
27694,no
27695,no
27696,no
27697,yes
27698,yes
27699,no
27700,yes
27701,no
27702,no
27703,no
27704,yes
27705,no
27706,no
27707,no
27708,no
27709,no
27710,yes
27711,no
27712,no
27713,no
27714,no
27715,no
27716,no
27717,no
27718,no
27719,no
27720,no
27721,no
27722,no
27723,no
27724,yes
27725,yes
27726,no
27727,no
27728,yes
27729,yes
27730,yes
27731,yes
27732,no
27733,no
27734,no
27735,yes
27736,yes
27737,no
27738,no
27739,no
27740,yes
27741,no
27742,yes
27743,no
27744,no
27745,no
27746,no
27747,no
27748,yes
27749,no
27750,yes
27751,no
27752,no
27753,no
27754,yes
27755,no
27756,no
27757,no
27758,yes
27759,no
27760,yes
27761,yes
27762,no
27763,no
27764,no
27765,yes
27766,no
27767,no
27768,yes
27769,yes
27770,yes
27771,no
27772,no
27773,yes
27774,no
27775,yes
27776,no
27777,no
27778,yes
27779,yes
27780,yes
27781,yes
27782,no
27783,no
27784,no
27785,no
27786,no
27787,yes
27788,no
27789,no
27790,yes
27791,yes
27792,yes
27793,no
27794,yes
27795,yes
27796,no
27797,yes
27798,no
27799,no
27800,no
27801,yes
27802,no
27803,yes
27804,no
27805,no
27806,no
27807,no
27808,no
27809,no
27810,no
27811,no
27812,yes
27813,yes
27814,no
27815,no
27816,yes
27817,yes
27818,no
27819,no
27820,yes
27821,no
27822,yes
27823,no
27824,no
27825,no
27826,no
27827,yes
27828,yes
27829,yes
27830,no
27831,yes
27832,no
27833,no
27834,yes
27835,yes
27836,no
27837,no
27838,yes
27839,yes
27840,no
27841,no
27842,no
27843,no
27844,no
27845,yes
27846,no
27847,yes
27848,no
27849,yes
27850,yes
27851,yes
27852,yes
27853,no
27854,yes
27855,no
27856,no
27857,no
27858,no
27859,no
27860,no
27861,yes
27862,yes
27863,yes
27864,no
27865,no
27866,no
27867,no
27868,yes
27869,yes
27870,yes
27871,yes
27872,yes
27873,yes
27874,yes
27875,no
27876,no
27877,no
27878,no
27879,yes
27880,no
27881,no
27882,no
27883,yes
27884,yes
27885,yes
27886,yes
27887,yes
27888,no
27889,no
27890,yes
27891,yes
27892,yes
27893,no
27894,no
27895,no
27896,yes
27897,no
27898,no
27899,no
27900,no
27901,yes
27902,no
27903,yes
27904,yes
27905,yes
27906,no
27907,no
27908,no
27909,no
27910,no
27911,yes
27912,no
27913,no
27914,no
27915,no
27916,yes
27917,yes
27918,yes
27919,no
27920,yes
27921,yes
27922,yes
27923,yes
27924,yes
27925,no
27926,yes
27927,no
27928,yes
27929,no
27930,no
27931,no
27932,no
27933,no
27934,yes
27935,yes
27936,no
27937,no
27938,yes
27939,no
27940,no
27941,no
27942,yes
27943,no
27944,no
27945,no
27946,no
27947,yes
27948,yes
27949,no
27950,yes
27951,no
27952,no
27953,no
27954,no
27955,no
27956,no
27957,yes
27958,no
27959,no
27960,no
27961,no
27962,no
27963,yes
27964,no
27965,yes
27966,no
27967,no
27968,yes
27969,no
27970,yes
27971,no
27972,no
27973,yes
27974,yes
27975,no
27976,no
27977,no
27978,yes
27979,no
27980,no
27981,yes
27982,yes
27983,no
27984,yes
27985,yes
27986,yes
27987,yes
27988,no
27989,no
27990,no
27991,no
27992,yes
27993,no
27994,yes
27995,yes
27996,yes
27997,no
27998,no
27999,no
28000,no
28001,no
28002,no
28003,no
28004,no
28005,yes
28006,no
28007,no
28008,yes
28009,yes
28010,no
28011,no
28012,yes
28013,no
28014,yes
28015,no
28016,yes
28017,no
28018,no
28019,no
28020,yes
28021,no
28022,no
28023,no
28024,yes
28025,no
28026,yes
28027,yes
28028,no
28029,no
28030,yes
28031,yes
28032,no
28033,yes
28034,no
28035,no
28036,yes
28037,yes
28038,no
28039,no
28040,yes
28041,no
28042,no
28043,no
28044,no
28045,yes
28046,no
28047,yes
28048,yes
28049,no
28050,no
28051,yes
28052,yes
28053,no
28054,yes
28055,yes
28056,yes
28057,no
28058,no
28059,no
28060,yes
28061,no
28062,no
28063,no
28064,yes
28065,no
28066,no
28067,yes
28068,yes
28069,no
28070,no
28071,no
28072,no
28073,yes
28074,no
28075,no
28076,no
28077,no
28078,no
28079,yes
28080,yes
28081,no
28082,yes
28083,yes
28084,yes
28085,no
28086,no
28087,no
28088,yes
28089,no
28090,yes
28091,no
28092,no
28093,no
28094,no
28095,no
28096,no
28097,yes
28098,yes
28099,no
28100,no
28101,no
28102,no
28103,no
28104,yes
28105,yes
28106,no
28107,no
28108,no
28109,no
28110,yes
28111,no
28112,no
28113,no
28114,yes
28115,no
28116,yes
28117,no
28118,yes
28119,no
28120,no
28121,no
28122,no
28123,no
28124,no
28125,yes
28126,no
28127,no
28128,no
28129,no
28130,no
28131,no
28132,no
28133,no
28134,yes
28135,yes
28136,no
28137,yes
28138,no
28139,no
28140,no
28141,no
28142,yes
28143,no
28144,no
28145,yes
28146,yes
28147,no
28148,yes
28149,no
28150,no
28151,no
28152,yes
28153,no
28154,yes
28155,no
28156,no
28157,no
28158,no
28159,no
28160,no
28161,no
28162,yes
28163,no
28164,no
28165,yes
28166,yes
28167,yes
28168,yes
28169,no
28170,yes
28171,no
28172,no
28173,no
28174,no
28175,no
28176,no
28177,no
28178,yes
28179,no
28180,no
28181,yes
28182,no
28183,yes
28184,no
28185,no
28186,no
28187,yes
28188,no
28189,no
28190,no
28191,no
28192,no
28193,yes
28194,yes
28195,no
28196,no
28197,no
28198,no
28199,yes
28200,no
28201,no
28202,yes
28203,no
28204,no
28205,yes
28206,no
28207,no
28208,no
28209,yes
28210,yes
28211,no
28212,no
28213,no
28214,no
28215,yes
28216,no
28217,no
28218,no
28219,no
28220,no
28221,yes
28222,no
28223,no
28224,no
28225,no
28226,no
28227,no
28228,yes
28229,yes
28230,yes
28231,no
28232,no
28233,no
28234,no
28235,yes
28236,yes
28237,no
28238,yes
28239,yes
28240,no
28241,no
28242,yes
28243,yes
28244,no
28245,yes
28246,yes
28247,no
28248,no
28249,no
28250,yes
28251,no
28252,no
28253,no
28254,no
28255,yes
28256,no
28257,no
28258,no
28259,yes
28260,no
28261,no
28262,no
28263,yes
28264,no
28265,yes
28266,no
28267,no
28268,no
28269,no
28270,no
28271,yes
28272,no
28273,no
28274,no
28275,no
28276,no
28277,yes
28278,no
28279,no
28280,no
28281,yes
28282,no
28283,yes
28284,no
28285,no
28286,yes
28287,no
28288,no
28289,no
28290,no
28291,no
28292,no
28293,yes
28294,no
28295,no
28296,no
28297,no
28298,yes
28299,no
28300,no
28301,yes
28302,yes
28303,no
28304,no
28305,no
28306,yes
28307,yes
28308,yes
28309,no
28310,no
28311,no
28312,yes
28313,no
28314,no
28315,no
28316,yes
28317,yes
28318,no
28319,no
28320,no
28321,yes
28322,no
28323,no
28324,no
28325,no
28326,no
28327,no
28328,no
28329,no
28330,yes
28331,no
28332,no
28333,no
28334,no
28335,no
28336,no
28337,no
28338,no
28339,no
28340,no
28341,yes
28342,yes
28343,yes
28344,no
28345,yes
28346,yes
28347,yes
28348,no
28349,no
28350,no
28351,yes
28352,no
28353,no
28354,yes
28355,yes
28356,yes
28357,no
28358,no
28359,no
28360,no
28361,no
28362,yes
28363,no
28364,no
28365,yes
28366,yes
28367,no
28368,no
28369,no
28370,no
28371,no
28372,no
28373,no
28374,yes
28375,no
28376,yes
28377,no
28378,no
28379,no
28380,yes
28381,no
28382,no
28383,no
28384,no
28385,yes
28386,no
28387,yes
28388,no
28389,no
28390,yes
28391,yes
28392,no
28393,yes
28394,no
28395,no
28396,no
28397,no
28398,yes
28399,yes
28400,no
28401,no
28402,yes
28403,no
28404,no
28405,yes
28406,no
28407,no
28408,yes
28409,no
28410,yes
28411,no
28412,yes
28413,yes
28414,no
28415,yes
28416,yes
28417,yes
28418,yes
28419,no
28420,no
28421,yes
28422,no
28423,no
28424,yes
28425,no
28426,no
28427,yes
28428,yes
28429,no
28430,no
28431,yes
28432,no
28433,no
28434,yes
28435,no
28436,yes
28437,no
28438,yes
28439,yes
28440,no
28441,no
28442,no
28443,no
28444,yes
28445,yes
28446,no
28447,yes
28448,no
28449,no
28450,no
28451,no
28452,yes
28453,no
28454,yes
28455,yes
28456,no
28457,yes
28458,no
28459,no
28460,no
28461,no
28462,no
28463,no
28464,yes
28465,no
28466,yes
28467,yes
28468,yes
28469,no
28470,no
28471,yes
28472,yes
28473,no
28474,yes
28475,no
28476,no
28477,yes
28478,no
28479,no
28480,yes
28481,no
28482,no
28483,no
28484,no
28485,yes
28486,no
28487,no
28488,no
28489,no
28490,no
28491,no
28492,no
28493,no
28494,no
28495,yes
28496,no
28497,yes
28498,no
28499,no
28500,no
28501,yes
28502,yes
28503,no
28504,no
28505,yes
28506,no
28507,no
28508,no
28509,no
28510,no
28511,no
28512,no
28513,no
28514,no
28515,no
28516,no
28517,yes
28518,no
28519,no
28520,no
28521,no
28522,yes
28523,no
28524,no
28525,yes
28526,no
28527,no
28528,no
28529,yes
28530,no
28531,yes
28532,no
28533,no
28534,no
28535,no
28536,no
28537,no
28538,no
28539,no
28540,no
28541,yes
28542,yes
28543,no
28544,no
28545,no
28546,no
28547,no
28548,yes
28549,no
28550,no
28551,no
28552,no
28553,no
28554,no
28555,no
28556,no
28557,yes
28558,yes
28559,no
28560,no
28561,no
28562,no
28563,yes
28564,yes
28565,yes
28566,yes
28567,yes
28568,no
28569,yes
28570,no
28571,no
28572,no
28573,yes
28574,yes
28575,yes
28576,yes
28577,no
28578,yes
28579,no
28580,no
28581,no
28582,no
28583,no
28584,yes
28585,yes
28586,no
28587,yes
28588,no
28589,no
28590,no
28591,no
28592,no
28593,no
28594,no
28595,no
28596,no
28597,no
28598,no
28599,no
28600,no
28601,no
28602,no
28603,no
28604,no
28605,yes
28606,yes
28607,no
28608,no
28609,no
28610,no
28611,yes
28612,no
28613,yes
28614,no
28615,no
28616,no
28617,no
28618,no
28619,yes
28620,yes
28621,no
28622,yes
28623,yes
28624,yes
28625,yes
28626,no
28627,no
28628,no
28629,yes
28630,no
28631,yes
28632,no
28633,yes
28634,yes
28635,no
28636,yes
28637,yes
28638,no
28639,no
28640,no
28641,no
28642,no
28643,no
28644,no
28645,no
28646,yes
28647,yes
28648,no
28649,no
28650,no
28651,yes
28652,no
28653,yes
28654,yes
28655,no
28656,no
28657,yes
28658,no
28659,no
28660,no
28661,no
28662,no
28663,yes
28664,yes
28665,no
28666,no
28667,yes
28668,yes
28669,yes
28670,no
28671,yes
28672,no
28673,no
28674,no
28675,no
28676,yes
28677,no
28678,no
28679,no
28680,no
28681,no
28682,no
28683,yes
28684,no
28685,no
28686,yes
28687,yes
28688,no
28689,yes
28690,no
28691,no
28692,yes
28693,no
28694,yes
28695,no
28696,no
28697,no
28698,yes
28699,no
28700,no
28701,yes
28702,yes
28703,yes
28704,no
28705,no
28706,no
28707,yes
28708,no
28709,no
28710,yes
28711,yes
28712,no
28713,no
28714,no
28715,no
28716,no
28717,no
28718,yes
28719,no
28720,no
28721,yes
28722,no
28723,yes
28724,yes
28725,no
28726,yes
28727,yes
28728,no
28729,no
28730,yes
28731,no
28732,no
28733,yes
28734,no
28735,no
28736,yes
28737,no
28738,yes
28739,no
28740,no
28741,no
28742,no
28743,no
28744,yes
28745,yes
28746,no
28747,no
28748,no
28749,no
28750,no
28751,no
28752,no
28753,no
28754,no
28755,no
28756,no
28757,no
28758,no
28759,yes
28760,yes
28761,yes
28762,no
28763,no
28764,yes
28765,yes
28766,no
28767,no
28768,no
28769,no
28770,yes
28771,no
28772,no
28773,no
28774,yes
28775,no
28776,yes
28777,no
28778,yes
28779,no
28780,yes
28781,yes
28782,no
28783,no
28784,yes
28785,no
28786,no
28787,no
28788,yes
28789,yes
28790,no
28791,no
28792,no
28793,yes
28794,yes
28795,yes
28796,no
28797,no
28798,no
28799,no
28800,yes
28801,yes
28802,no
28803,no
28804,no
28805,no
28806,no
28807,no
28808,yes
28809,yes
28810,no
28811,no
28812,no
28813,no
28814,yes
28815,no
28816,no
28817,no
28818,no
28819,no
28820,no
28821,no
28822,yes
28823,no
28824,no
28825,yes
28826,yes
28827,yes
28828,no
28829,no
28830,yes
28831,yes
28832,yes
28833,yes
28834,no
28835,yes
28836,no
28837,no
28838,yes
28839,no
28840,no
28841,no
28842,no
28843,yes
28844,no
28845,yes
28846,no
28847,no
28848,no
28849,no
28850,no
28851,no
28852,yes
28853,no
28854,no
28855,no
28856,no
28857,no
28858,no
28859,no
28860,no
28861,no
28862,no
28863,yes
28864,no
28865,yes
28866,yes
28867,no
28868,no
28869,no
28870,no
28871,no
28872,yes
28873,no
28874,yes
28875,no
28876,no
28877,yes
28878,no
28879,no
28880,yes
28881,yes
28882,no
28883,no
28884,yes
28885,yes
28886,no
28887,yes
28888,no
28889,no
28890,no
28891,yes
28892,no
28893,no
28894,yes
28895,no
28896,yes
28897,no
28898,yes
28899,no
28900,no
28901,no
28902,yes
28903,no
28904,yes
28905,no
28906,no
28907,yes
28908,yes
28909,no
28910,yes
28911,yes
28912,no
28913,yes
28914,no
28915,no
28916,no
28917,no
28918,no
28919,no
28920,no
28921,yes
28922,no
28923,yes
28924,no
28925,yes
28926,no
28927,no
28928,no
28929,no
28930,yes
28931,yes
28932,no
28933,no
28934,no
28935,no
28936,no
28937,yes
28938,no
28939,no
28940,yes
28941,yes
28942,no
28943,no
28944,yes
28945,no
28946,no
28947,no
28948,no
28949,no
28950,no
28951,no
28952,yes
28953,no
28954,yes
28955,no
28956,yes
28957,yes
28958,yes
28959,no
28960,yes
28961,no
28962,no
28963,no
28964,yes
28965,yes
28966,no
28967,no
28968,no
28969,no
28970,no
28971,no
28972,no
28973,no
28974,yes
28975,yes
28976,no
28977,no
28978,no
28979,no
28980,yes
28981,yes
28982,no
28983,yes
28984,no
28985,yes
28986,yes
28987,yes
28988,no
28989,no
28990,no
28991,no
28992,no
28993,yes
28994,yes
28995,no
28996,no
28997,no
28998,no
28999,no
29000,no
29001,no
29002,no
29003,no
29004,no
29005,no
29006,no
29007,no
29008,yes
29009,yes
29010,no
29011,yes
29012,no
29013,no
29014,no
29015,no
29016,no
29017,no
29018,no
29019,yes
29020,yes
29021,yes
29022,no
29023,no
29024,no
29025,yes
29026,yes
29027,no
29028,no
29029,no
29030,no
29031,yes
29032,no
29033,yes
29034,no
29035,no
29036,no
29037,no
29038,no
29039,yes
29040,yes
29041,no
29042,yes
29043,yes
29044,no
29045,no
29046,yes
29047,no
29048,yes
29049,no
29050,no
29051,no
29052,yes
29053,no
29054,no
29055,no
29056,no
29057,no
29058,no
29059,no
29060,yes
29061,no
29062,no
29063,no
29064,yes
29065,no
29066,no
29067,yes
29068,no
29069,yes
29070,no
29071,yes
29072,no
29073,yes
29074,yes
29075,no
29076,no
29077,no
29078,yes
29079,no
29080,no
29081,yes
29082,yes
29083,yes
29084,no
29085,no
29086,yes
29087,no
29088,no
29089,no
29090,no
29091,yes
29092,no
29093,yes
29094,no
29095,no
29096,yes
29097,no
29098,no
29099,yes
29100,no
29101,no
29102,no
29103,no
29104,no
29105,yes
29106,no
29107,yes
29108,yes
29109,yes
29110,yes
29111,yes
29112,no
29113,yes
29114,no
29115,no
29116,no
29117,no
29118,no
29119,no
29120,yes
29121,yes
29122,no
29123,no
29124,no
29125,no
29126,no
29127,yes
29128,yes
29129,yes
29130,no
29131,yes
29132,no
29133,yes
29134,no
29135,no
29136,no
29137,no
29138,no
29139,no
29140,no
29141,yes
29142,no
29143,no
29144,no
29145,no
29146,no
29147,yes
29148,yes
29149,no
29150,no
29151,no
29152,yes
29153,yes
29154,no
29155,no
29156,yes
29157,no
29158,yes
29159,no
29160,no
29161,no
29162,no
29163,yes
29164,yes
29165,no
29166,no
29167,no
29168,no
29169,yes
29170,yes
29171,no
29172,no
29173,no
29174,no
29175,no
29176,no
29177,no
29178,no
29179,yes
29180,no
29181,no
29182,no
29183,no
29184,no
29185,no
29186,no
29187,yes
29188,no
29189,yes
29190,yes
29191,yes
29192,no
29193,no
29194,no
29195,yes
29196,no
29197,yes
29198,yes
29199,no
29200,no
29201,no
29202,no
29203,no
29204,yes
29205,no
29206,yes
29207,yes
29208,yes
29209,no
29210,yes
29211,no
29212,no
29213,no
29214,no
29215,no
29216,yes
29217,no
29218,no
29219,no
29220,no
29221,no
29222,yes
29223,no
29224,yes
29225,yes
29226,yes
29227,no
29228,yes
29229,no
29230,no
29231,no
29232,no
29233,no
29234,no
29235,no
29236,no
29237,yes
29238,no
29239,no
29240,yes
29241,no
29242,no
29243,no
29244,no
29245,yes
29246,yes
29247,no
29248,no
29249,yes
29250,yes
29251,no
29252,no
29253,yes
29254,no
29255,no
29256,no
29257,yes
29258,yes
29259,yes
29260,yes
29261,yes
29262,yes
29263,yes
29264,yes
29265,yes
29266,no
29267,no
29268,no
29269,yes
29270,no
29271,yes
29272,no
29273,no
29274,no
29275,no
29276,no
29277,no
29278,no
29279,no
29280,yes
29281,no
29282,no
29283,yes
29284,no
29285,no
29286,no
29287,no
29288,yes
29289,no
29290,yes
29291,no
29292,yes
29293,no
29294,yes
29295,no
29296,yes
29297,no
29298,no
29299,yes
29300,no
29301,yes
29302,yes
29303,yes
29304,no
29305,yes
29306,yes
29307,yes
29308,no
29309,no
29310,no
29311,no
29312,no
29313,no
29314,yes
29315,yes
29316,no
29317,no
29318,no
29319,no
29320,no
29321,yes
29322,yes
29323,no
29324,no
29325,yes
29326,no
29327,no
29328,no
29329,no
29330,yes
29331,yes
29332,no
29333,yes
29334,yes
29335,no
29336,no
29337,no
29338,yes
29339,yes
29340,yes
29341,no
29342,no
29343,yes
29344,yes
29345,yes
29346,yes
29347,yes
29348,no
29349,yes
29350,yes
29351,no
29352,yes
29353,no
29354,yes
29355,no
29356,no
29357,no
29358,no
29359,no
29360,no
29361,no
29362,yes
29363,yes
29364,no
29365,no
29366,no
29367,yes
29368,yes
29369,no
29370,yes
29371,no
29372,no
29373,no
29374,no
29375,no
29376,yes
29377,yes
29378,yes
29379,no
29380,no
29381,no
29382,no
29383,no
29384,no
29385,no
29386,no
29387,no
29388,yes
29389,yes
29390,yes
29391,yes
29392,no
29393,no
29394,yes
29395,yes
29396,no
29397,no
29398,no
29399,yes
29400,yes
29401,no
29402,no
29403,yes
29404,yes
29405,yes
29406,no
29407,yes
29408,yes
29409,no
29410,no
29411,no
29412,yes
29413,yes
29414,no
29415,yes
29416,yes
29417,yes
29418,yes
29419,yes
29420,yes
29421,no
29422,yes
29423,yes
29424,no
29425,no
29426,yes
29427,yes
29428,yes
29429,no
29430,yes
29431,no
29432,no
29433,yes
29434,no
29435,no
29436,no
29437,no
29438,no
29439,no
29440,no
29441,yes
29442,no
29443,no
29444,yes
29445,no
29446,no
29447,no
29448,no
29449,no
29450,yes
29451,yes
29452,no
29453,yes
29454,yes
29455,yes
29456,no
29457,yes
29458,no
29459,no
29460,no
29461,yes
29462,no
29463,no
29464,no
29465,no
29466,no
29467,no
29468,no
29469,yes
29470,no
29471,no
29472,no
29473,no
29474,no
29475,no
29476,no
29477,yes
29478,no
29479,no
29480,no
29481,no
29482,no
29483,yes
29484,no
29485,no
29486,no
29487,no
29488,no
29489,no
29490,no
29491,no
29492,yes
29493,no
29494,no
29495,no
29496,no
29497,no
29498,no
29499,no
29500,no
29501,no
29502,yes
29503,no
29504,no
29505,no
29506,no
29507,yes
29508,yes
29509,yes
29510,yes
29511,no
29512,no
29513,no
29514,yes
29515,no
29516,no
29517,no
29518,no
29519,no
29520,no
29521,yes
29522,no
29523,no
29524,no
29525,yes
29526,yes
29527,no
29528,no
29529,no
29530,no
29531,yes
29532,no
29533,no
29534,yes
29535,no
29536,no
29537,no
29538,no
29539,no
29540,no
29541,no
29542,no
29543,no
29544,yes
29545,no
29546,no
29547,yes
29548,no
29549,no
29550,yes
29551,no
29552,no
29553,no
29554,no
29555,no
29556,no
29557,yes
29558,yes
29559,yes
29560,no
29561,yes
29562,no
29563,no
29564,no
29565,yes
29566,no
29567,yes
29568,yes
29569,no
29570,no
29571,no
29572,no
29573,no
29574,yes
29575,no
29576,no
29577,no
29578,no
29579,yes
29580,no
29581,no
29582,no
29583,no
29584,no
29585,yes
29586,no
29587,no
29588,yes
29589,yes
29590,no
29591,yes
29592,no
29593,no
29594,no
29595,no
29596,no
29597,no
29598,yes
29599,no
29600,no
29601,yes
29602,yes
29603,no
29604,no
29605,no
29606,no
29607,yes
29608,no
29609,no
29610,no
29611,no
29612,yes
29613,yes
29614,no
29615,no
29616,no
29617,yes
29618,yes
29619,yes
29620,no
29621,no
29622,no
29623,no
29624,no
29625,yes
29626,no
29627,no
29628,no
29629,yes
29630,no
29631,no
29632,no
29633,no
29634,no
29635,yes
29636,yes
29637,yes
29638,no
29639,no
29640,yes
29641,yes
29642,no
29643,yes
29644,yes
29645,no
29646,no
29647,yes
29648,yes
29649,no
29650,yes
29651,no
29652,no
29653,yes
29654,no
29655,no
29656,yes
29657,yes
29658,no
29659,no
29660,no
29661,yes
29662,yes
29663,no
29664,no
29665,yes
29666,no
29667,yes
29668,no
29669,no
29670,no
29671,no
29672,no
29673,no
29674,no
29675,yes
29676,no
29677,no
29678,no
29679,yes
29680,no
29681,no
29682,no
29683,yes
29684,yes
29685,yes
29686,no
29687,yes
29688,no
29689,no
29690,no
29691,no
29692,yes
29693,no
29694,no
29695,no
29696,yes
29697,yes
29698,no
29699,no
29700,yes
29701,no
29702,no
29703,no
29704,no
29705,no
29706,yes
29707,no
29708,no
29709,no
29710,yes
29711,no
29712,yes
29713,yes
29714,no
29715,no
29716,no
29717,no
29718,no
29719,no
29720,yes
29721,no
29722,no
29723,yes
29724,no
29725,no
29726,no
29727,yes
29728,no
29729,yes
29730,no
29731,no
29732,no
29733,yes
29734,no
29735,no
29736,yes
29737,no
29738,yes
29739,no
29740,no
29741,no
29742,no
29743,yes
29744,yes
29745,no
29746,yes
29747,no
29748,no
29749,yes
29750,yes
29751,yes
29752,yes
29753,no
29754,no
29755,yes
29756,no
29757,yes
29758,no
29759,no
29760,yes
29761,no
29762,yes
29763,no
29764,no
29765,yes
29766,no
29767,no
29768,no
29769,no
29770,no
29771,yes
29772,no
29773,yes
29774,no
29775,no
29776,yes
29777,no
29778,yes
29779,yes
29780,yes
29781,no
29782,no
29783,no
29784,yes
29785,no
29786,yes
29787,yes
29788,no
29789,yes
29790,yes
29791,no
29792,no
29793,no
29794,no
29795,no
29796,no
29797,yes
29798,no
29799,yes
29800,no
29801,no
29802,no
29803,no
29804,no
29805,no
29806,yes
29807,no
29808,no
29809,no
29810,yes
29811,no
29812,no
29813,no
29814,no
29815,yes
29816,no
29817,no
29818,yes
29819,yes
29820,no
29821,no
29822,yes
29823,no
29824,yes
29825,no
29826,no
29827,no
29828,no
29829,no
29830,no
29831,no
29832,yes
29833,yes
29834,no
29835,no
29836,yes
29837,yes
29838,no
29839,yes
29840,no
29841,yes
29842,no
29843,yes
29844,yes
29845,yes
29846,no
29847,yes
29848,yes
29849,no
29850,yes
29851,yes
29852,no
29853,yes
29854,no
29855,no
29856,no
29857,no
29858,yes
29859,no
29860,yes
29861,no
29862,yes
29863,yes
29864,no
29865,no
29866,yes
29867,no
29868,no
29869,no
29870,no
29871,no
29872,no
29873,yes
29874,no
29875,no
29876,yes
29877,no
29878,no
29879,yes
29880,no
29881,yes
29882,yes
29883,yes
29884,yes
29885,no
29886,no
29887,no
29888,no
29889,no
29890,yes
29891,no
29892,yes
29893,no
29894,no
29895,yes
29896,no
29897,no
29898,no
29899,no
29900,no
29901,no
29902,no
29903,no
29904,yes
29905,no
29906,yes
29907,no
29908,yes
29909,no
29910,no
29911,no
29912,no
29913,yes
29914,no
29915,no
29916,yes
29917,no
29918,yes
29919,yes
29920,no
29921,yes
29922,yes
29923,no
29924,no
29925,yes
29926,no
29927,no
29928,no
29929,no
29930,no
29931,no
29932,yes
29933,no
29934,yes
29935,no
29936,no
29937,yes
29938,no
29939,no
29940,yes
29941,no
29942,no
29943,yes
29944,yes
29945,no
29946,no
29947,yes
29948,no
29949,no
29950,yes
29951,no
29952,no
29953,no
29954,yes
29955,no
29956,no
29957,no
29958,yes
29959,no
29960,yes
29961,yes
29962,no
29963,no
29964,no
29965,no
29966,no
29967,no
29968,no
29969,no
29970,no
29971,no
29972,no
29973,no
29974,no
29975,yes
29976,no
29977,yes
29978,yes
29979,yes
29980,no
29981,no
29982,no
29983,no
29984,no
29985,yes
29986,yes
29987,no
29988,no
29989,no
29990,no
29991,no
29992,no
29993,yes
29994,no
29995,yes
29996,yes
29997,no
29998,yes
29999,no
30000,no
